filename	ns	tau	cov	pr	rc	f	wcov	wpr	wrc	wf	mi	ru	s	max_cov
pred_blast2go.tsv	biological_process	0.00100	0.60507	0.91208	0.43079	0.58519	0.60507	0.90707	0.41420	0.56871	1.34495	11.62208	11.69964	0.60507
pred_blast2go.tsv	cellular_component	0.00100	0.65766	0.88178	0.46846	0.61186	0.65716	0.88124	0.45029	0.59603	0.53638	5.15197	5.17982	0.65766
pred_blast2go.tsv	molecular_function	0.00100	0.76026	0.91285	0.60138	0.72508	0.76026	0.90870	0.59754	0.72098	1.25553	4.73926	4.90275	0.76026
pred_hayai.tsv	biological_process	0.00100	0.66491	0.88180	0.56485	0.68860	0.66491	0.88852	0.57141	0.69553	1.78745	5.09217	5.39677	0.66491
pred_hayai.tsv	cellular_component	0.00100	0.90922	0.97597	0.86421	0.91670	0.90806	0.97209	0.84625	0.90481	0.28594	1.38320	1.41245	0.90922
pred_hayai.tsv	molecular_function	0.00100	0.85072	0.95975	0.78620	0.86435	0.85072	0.95755	0.78686	0.86386	0.64314	1.91115	2.01646	0.85072
pred_trapid.tsv	biological_process	0.00100	0.61372	0.69720	0.39923	0.50773	0.61358	0.64635	0.38109	0.47948	7.60770	12.09101	14.28530	0.61372
pred_trapid.tsv	cellular_component	0.00100	0.70051	0.76543	0.43000	0.55066	0.70006	0.71487	0.39696	0.51046	1.52505	5.27436	5.49041	0.70051
pred_trapid.tsv	molecular_function	0.00100	0.76842	0.82228	0.59683	0.69165	0.76842	0.79632	0.59231	0.67933	3.12856	4.99203	5.89138	0.76842
